tweet_no	text	q1_label	q2_label	q3_label	q4_label	q5_label	q6_label	q7_label
1	#عاجل #خادم_الحرمين_الشريفين يصدر أمره بمنع التجول للحد من انتشار #فيروس_كورونا الجديد ابتداءً من الساعة الـ 7 مساءً وحتى الساعة الـ 6 صباحًا لمدة ( 21 ) يومًا من مساء يوم الأثنين 28 رجب 1441هـ، الموافق 23 مارس 2020م. #واس URL	yes	no	yes	no	no	no	no
2	بعد كل الإجراءات الاحترازية التي تقوم بها #المملكة للحد من انتشار #كورونا . . . هل تؤيد فرض #حظر_تجول في #السعودية من الساعة (٧م) إلى الساعة (٧ص) ابتداء من يوم غدٍ الاحد . . - نعم أُوَيد ( #ريتويت ) ، ولماذا ؟ - لا أُوَيد ( #إعجاب ) ، ولماذا ؟ . .  #انا_مع_حظر_التجول_الاجباري URL	no	nan	nan	nan	nan	no	no
3	تصويت 🔴 .  . هل تعتقد أن ( حظر التجول ) الذي تُطبقه بعض الدول يمنع انتشار فيروس كورونا .. ولماذا ؟. .  . نعم = رتويت  . لا = مفضلة	no	nan	nan	nan	nan	no	no
4	ما هو دي دعواتنا	no	nan	nan	nan	nan	no	no
5	#الصحة تعلن عن تسجيل (١١٩) حالة إصابة جديدة بفيروس #كورونا الجديد (كوفيد١٩). URL	yes	no	yes	no	no	no	no
6	#كلنا_مسؤول | فريق عمل مسلسل مخرج 7 يقدم مسؤوليته تجاه الوقاية من فيروس #كورونا الجديد بطريقته الخاصة. #التواصل_الحكومي URL	no	nan	nan	nan	nan	no	no
7	#الصحة تعلن عن تسجيل (٢٠٥) حالة إصابة جديدة بفيروس #كورونا الجديد(كوفيد١٩) وأول حالة وفاة لمقيم في المدينة المنورة. URL	yes	no	yes	no	no	no	no
8	انا كطبيب في الصفوف الاولى لمحاربة كورونا  محروم من رؤية امي وابي واطفالي.                       انتم   من سيحدد متى اراهم  لذلك اتمنى ان تلزم منزلك كي اراهم في اقرب فرصه وكلي لا تطول امد هذه الازمه بجلوسك في بيتك	no	nan	nan	nan	nan	no	no
9	مصيرنا واحد أمس واليوم وغدًا والطريقة المثلى لمواجهة كورونا الذي ليس له علاج حتى الآن هي التباعد الإجتماعي والحمدلله أن لنا قادة تصرفوا بحكمة وأعلوا من قيمة الإنسان لديهم في هذه الأزمة بشكل فاق بشدة حتى الدول المتقدمة.. ولكن الله يحفظك ما بقى إلا تقولين علقّنا العمرة قبلكم!..	yes	nan	yes	no	no	yes	yes
10	صحيفة newsweek الأمريكية:هل تعرف من الذي اقترح النظافة الشخصية والحجر الصحي أثناء الوباء؟إنه محمد نبي الإسلام قبل 1400 عام. لم يكن أبدا خبيرًا في مسائل الأمراض الفتاكة إلا أن محمد كان لديه نصيحة رائعة لمنع ومكافحة تطور وباء مثل فيروس كورونا لقراءة المقال URL	yes	no	yes	no	yes	no	no
11	58 من ال70 حالة المعلنة قبل قليل لمخالطين حضروا مناسبات اجتماعية ولقاءات عائلية.. ياجماعة الخير اقعدوا في بيوتكم واتقوا الله في أنفسكم وفي أسركم وأحبابكم وأصدقائكم ومجتمعكم .. يبدو لي أن قرار حظر التجول الإلزامي هو الحل	yes	yes	yes	no	yes	no	no
12	أغنية المقاومة الإيطالية “بيلا تشاو” في زمن كورونا من احد شرفات إيطاليا 🇮🇹❤️  URL	yes	no	yes	no	no	no	no
13	“تصرّف خارج منزلك مع أي شخص على أنه مصاب.  وتصرّف مع كل الأشخاص داخل منزلك على أنك أنت المصاب".   هذه رسالتي لكل أبنائي وزملائي فى وزارة التعليم للتعامل مع فيروس #كورونا  في قطاع التعليم #كلنا_مسؤول URL	no	nan	nan	nan	nan	no	no
14	#الصحة تعلن عن تسجيل (٤٨) حالة إصابة جديدة بفيروس #كورونا الجديد (كوفيد١٩) كالتالي: - من بين الحالات الجديدة حالات ارتبطت بالسفر ، و (٥) حالات لممارسين صحيين وإداريين في منشأة صحية خاصة بالرياض، وهم بدون أعراض صحية، وتم إجراء العزل، وإغلاق المنشأة احترازياً.	yes	no	yes	no	no	no	no
15	#خادم_الحرمين_الشريفين يصدر أمره بمنع التجول للحد من انتشار #فيروس_كورونا الجديد ابتداءً من الساعة الـ 7 مساءً وحتى الساعة الـ 6 صباحًا لمدة ( 21 ) يومًا من مساء يوم الأثنين 28 رجب 1441هـ، الموافق 23 مارس 2020م. URL #واس_عام URL	yes	no	yes	no	no	no	no
16	#كورونا_الجديد   أحبتي...  قررت أن أترك تويتر لبعض الوقت، لكن وجدت أنه من الأمانة أن أطلعكم على الصورة الحقيقية من مكان الحدث!  المنطقة التي أعمل بها هي أكبر منطقة منكوبة في فرنسا Grand Est  مستشفى كولمار  هو أكبر مستشفى مستقبل لحالات كورونا  تحول المستشفى بالكامل إلى منطقة عزل! URL	yes	no	yes	yes	yes	yes	yes
17	أهالي #طنجة في الشمال المغربي يرتقون أسطح بيوتهم يجأرون إلى الله بالتكبير والتهليل والدعاء عسى الله أن يرفع الوباء ويزيل الغمة   #كورونا  #المغرب URL	yes	no	nan	no	no	no	no
18	خادم الحرمين الشريفين يصدر أمره بمنع التجول للحد من انتشار فيروس كورونا الجديد ابتداءً من الساعة السابعة مساءً وحتى الساعة السادسة صباحاً لمدة 21 يوماً من مساء يوم الاثنين 28 رجب 23 مارس. URL	yes	no	yes	no	no	no	no
19	تم اليوم بحمد الله شفاء 9 حالات من المصابين بفيروس كورونا المستجد، ليصبح عدد المتعافين 39 حالة. كتب الله الشفاء العاجل للبقية وحمى الجميع من كل شر.	yes	no	yes	no	no	no	no
20	#الصحة تعلن عن تسجيل(٧٠)حالة إصابة جديدة بفيروس #كورونا الجديد(كوفيد ١٩) كالتالي: - تسجيل(١١)حالة قادمة من كل من المغرب، الهند، الأردن، الفلبين، بريطانيا، الإمارات، سويسرا، وقد تم عزلها مباشرة من المطار إلى الضيافة في العزل الصحي، الذي أثبت فاعليته في التصدي لنقل العدوى داخليًا.	yes	no	yes	no	no	no	no
21	الإمارات أعلنت منذ قليل عن حالتي وفاة بفيروس #كورونا بعد الإعلان غرد وزير الصحة الكويتي د.باسل الصباح بـ (أستحلفكم بالله البقاء في منازلكم) ثم غرد وزير الصحة السعودي توفيق الربيعة بـ (هام، ساهم في أمن بلدنا الصحي بالجلوس في بيتك) - لا أظنها رسائل توعوية روتينية -	yes	no	yes	no	no	no	no
22	مركز الملك عبدالله العالمي للابحاث الطبية في الحرس الوطني الذي يملك٧٠عالم ابحاث منهم٥٠ عالم سعودي ويحملون الدكتوراه في طور تجارب لقاح ضد كورونا الجديد بالاستفاده من لقاح كورونا السابق واثبت نجاحه علي الحيوانات ومن ضمن التجارب علي الابل واثبت قوة المناعه ضد الفيروس وفى طور التجارب URL	yes	yes	yes	yes	yes	yes	yes
23	وجهة نظر أتحمل مسئوليتها أثبت #كورونا خطأ تخصيص قطاعي (التعليم والصحة) على وجه الخصوص أتمنى من الدولة إبقاء هذين القطاعين تحت مسئوليتها المباشرة تصوروا لو أن  عقولناوصحتنا  تحت رحمة القطاع الخاص ماذا ستكون حالنا ، ونحن نرى الغرب يتهاوى أمامنا؟	no	nan	nan	nan	nan	no	no
24	مسائكم أخبار جميلة عن #كورونا 40 ثانية فقط من صاحب مبادرة تجميع العلماء لإيجاد علاج ضد #كرونا يعلنها على الهواء مباشرة أن فريق كامل من ضمنهم طبيب فرنسي اسمه “راولت” اكتشفوا أن دواء الملاريا هو الذي يعالج #كورونا_الجديد بنسبة 100% وتم تجربته على 40 مريض #ترجمات_عبدالله_الخريّف URL	yes	yes	yes	yes	yes	yes	yes
25	لن يسجّل التاريخ أنك حاتم الطائي إذا أقمت وليمة وسط أزمة #كورونا...  تعليق العمرة إيقاف الجمعة والجماعة في المساجد تأجيل جلسات مجلس الوزراء أسبوعين  إغلاق الأجواء والمنافذ والرحلات الداخلية.  من أنت أمام كل هذا لتكسر قيود التحذيرات وتخرج؟ لن يعرفك العالم بكرمك وعاداتك، بل بأذاك.	yes	no	yes	no	no	no	no
26	بوتيرة الإستهتار من البعض - حتى ولو كانوا قلّة- قد يصاب لا قدّر الله الآلاف في وقت واحد.. ومن المعلوم أنه في حالات كورونا المتقدمة يحتاج الشخص الى جهاز تنفس وعناية مركزة .. كيف يمكن لأي دولة أن توفر ذلك في وقت واحد .. سيما أن غرف العناية محتاجوها كثر لأمراض خطيرة متعددة.. اقعدوا!	yes	no	yes	no	yes	no	no
27	الحمد لله الذي بنعمته تتم الصالحات.  تم بحمد الله اليوم شفاء 5 حالات من المصابين بفيروس كورونا المستجد، ليبلغ عدد الذين تم شفاؤهم 27 حالة. نرجو الله الشفاء للمرضى والسلامة للجميع.	yes	no	yes	no	no	no	no
28	بشرى..  ولله الحمد والمنة مركز الملك عبدالله العالمي للأبحاث الطبية  توصل إلى لقاح خاص بفيروس #كورونا_الجديد  والنتائج إيجابية بفضل من الله وحده..  وقريبا سيعلن عنه… URL	yes	yes	yes	nan	yes	yes	yes
29	كل قنوات العالم مشغولة بكورونا وتستضيف المختصين على مدار اليوم للحديث عنه وعن كيفية مواجهته إلا الجزيرة مشغولة بالسعودية وقيادتها وتستضيف سعد الفقيه يوميًا للحديث عن ذلك .. المضحك أنهم يناقشون الصعوبات الإقتصادية التي ستواجهها السعودية جراء كورونا وكأن العالم بأسره لا يواجه ذلك🤮	yes	no	yes	yes	yes	no	yes
30	عاجل..  .  الصحة:  قد نلجأ إلى حظر التجول في حال رصد تهاون في الاجراءات.  .  #المملكة #كورونا  .	no	nan	nan	nan	nan	no	no
31	الأذان يُرفع من مسجد البيّازين، في مدينة #غرناطة الأندلسية، يوم الأحد، لأول مرة منذ سقوط المدينة، آخر ممالك الأندلس، قبل 528 عاماً (في 2 كانون الثاني/يناير 1492)، وحظْر الأذان فيها. بعض المسلمين في عدد من الأحياء رفعوا الأذان من شرفات منازلهم، وكان يوماً مشهودا. #كورونا URL	yes	no	yes	no	yes	no	no
32	كوكب الأرض بسبب فايروس كورونا الان هو في قمة النشاط و السعادة، حيث لوحظ انحسار كبير في نسبة الغازات الملوثة والغازات المسببة للاحتباس الحراري في أغلب دول العالم نتيجة تأثيرات انتشار الفيروس على الأعمال وحركة السفر والتنقل، و ان نسبة غاز أول أكسيد الكربون قد انخفضت بنسبة 50% ❤🌍 URL	yes	yes	yes	yes	yes	yes	yes
33	#Important  #Coronavirus طبيبان مصريان يعملان في إنجلترا يشاركون خبرتهم مع زملائهم في #مصر  ويلحان على أهمية أن تكون مصر مستعدة للتعامل مع مصابين الفيروس #مهم URL	yes	no	yes	no	no	no	no
34	طيب هذي دعواتهم	no	nan	nan	nan	nan	no	no
35	تم بحمد الله اليوم شفاء ٣حالات من المصابين بفيروس كورونا المستجد. ليبلغ عدد الذين تم شفاؤهم ٣٠ حالة.  اللهم تمم على جميع المرضى بعاجل الشفاء.	yes	no	yes	no	no	no	no
36	عاجل..  .  وزارة الداخلية:  من يخالف أمر منع التجول يعاقب بغرامة 10 آلاف ريال وتضاعف في حال التكرار فإن عاد المخالف إلى ارتكاب المخالفة فيعاقب بالسجن لمدة لا تزيد على 20 يوماً.  . #كورونا #السعودية #منع_التجول	yes	no	yes	no	no	no	no
37	#الصحة تعلن عن تسجيل (٥١) حالة إصابة جديدة بفيروس #كورونا الجديد(كوفيد١٩). URL	yes	no	yes	no	no	no	no
38	شكر خاص ل المملكة العربية السعودية🇸🇦 التي نقلت إمدادات  USERID الحيوية الخاصة ب #COVID19 جواً إلى #اليمن. تشمل الشحنة معدات الحماية الشخصية للعاملين الصحيين واختبارات الفحص المختبري في عدن وصنعاء وأيضا أدوية الصدمة ومستلزمات لدعم الاستجابة المستمرة للأزمة #الصحة_للجميع_وبالجميع URL	yes	no	yes	no	yes	no	no
39	بعد كل الإجراءات الاحترازية التي تقوم بها حكومة #المملكة للحد من انتشار #كورونا . . . هل تؤيد فرض #حظر_تجول في #السعودية من الساعة (٧م) إلى الساعة (٧ص) ابتداء من يوم غدٍ السبت بسبب #كورونا_السعودية. . . - نعم أُوَيد ( #ريتويت ) ، ولماذا ؟ - لا أُوَيد ( #إعجاب ) ، ولماذا ؟ . . URL	no	nan	nan	nan	nan	no	no
40	عاجل:  . تعليق جميع رحلات الطيران الداخلي بالسعودية والحافلات وسيارات الأجرة والقطارات لمدة 14 يوماً ابتداءً من الساعة السادسة صباحاً من يوم غدٍ السبت. . #السعودية #المملكة #كورونا	yes	no	yes	no	no	no	no
41	بطاقم سعودي كامل من الدخول من الباب الى الخروج منه . السعودية سوف تعلن عن لقاح فايروس #كورونا #Covid_19 قريب جداً بعد عدت تجارب وتكللت بالنجاح.  الحمدلله كما ينبغي لجلال وجهك وعظيم سلطانك URL	yes	yes	yes	yes	yes	yes	yes
42	#فيديو 🔴 .  . الإعلامي السعودي “أحمد المالكي” يوجه رسالة شديدة اللهجة إلى #البنوك: باقي أنتم وين مبادراتكم للوطن والمواطن؟، مؤكداً “إذا كان المال أكبر اهتماماتكم فلن ينسى كل المواطنين خذلانكم". . . #البنوك_تأجل_الأقساط #مبادرة_البنوك #تجار_الظروف #تم_تامرون_أمر #كورونا  . URL	yes	no	yes	no	no	no	no
43	اذا تعرف في #جدة رب أسرة عاطل عن العمل ومحتاج أو توقف عمله بسبب جائحة #كورونا أو أسرة بلا عائل ولا يوجد لديها دخل ، سعوديين أو مقيمين ، أكرمني وتفضل علي ببياناتهم على الخاص ، وأسأل الله ان يكتب ما فيه الخير والسداد ويخلص النوايا لوجهه الكريم  #تكفون_اقعدوا_في_بيوتكم #يوم_الجمعة URL	no	nan	nan	nan	nan	no	no
44	كوفيد ١٩ برو ماكس	no	nan	nan	nan	nan	yes	yes
45	فيديو معبر 🔴 .  . #شاهـد “رجل أمن” يوجه نصيحة هامة لشبان خرجوا في رحلة برية متجاهلين التحذيرات المتكررة بضرورة الإلتزام بتعليمات السلامة والبقاء في المنزل. . . #تكفون_اقعدوا_في_بيوتكم #السعودية #هام #كارونا_السعوديه #Covid_19 #COVID19 #حظر_تجول_اجباري_ينقذنا #الحجر_المنزلي  . . URL	yes	no	yes	no	no	no	no
46	عاجل 🚨  الصين تعلن أن كل المتعافين الذكور من فايروس كورونا أصيبوا بعجز جنسي كامل..! ويأتي ذلك بسبب ارتفاع درجة السخونة الذي أدى إلى تلف الخصوبة لدى الرجال. URL	yes	yes	yes	yes	yes	yes	yes
47	الحمد لله حمداً كثيرا مباركا فيه.  تم بحمد الله اليوم شفاء ٤ حالات من المصابين بفيروس كورونا المستجد. ليبلغ عدد الذين تم شفاؤهم ٢٢ حالة.  اللهم تمم على جميع المرضى بعاجل الشفاء	yes	no	yes	no	no	no	no
48	عاجل 🔴  .  .  متحدث وزارة الصحة:  الفترة القادمة سوف تشهد ارتفاعاً في الحالات المصابة بفيروس كورونا على مستوى العالم .. وقد نلجأ إلى حظر التجول في حال رصد تهاون في الإجراءات الاحترازية. .  . #السعوديه	yes	no	yes	no	no	no	no
49	قمت بترجمة مقطع هو حديث العالم اليوم حول علاج #كورونا، عبارة عن عقار تم استخدامه لعلاج ٤٠ مصاب بالفايروس في فرنسا وكانت نسبة شفاء ١٠٠٪، رسائل الأمل جميلة في هذه الأزمة #ترجمة_لبيب URL	yes	yes	yes	yes	yes	yes	yes
50	تغريدة للذكرى: لأول مرة في المملكة العربية السعودية الأن ساعة ٧:٠٠م اليوم الأثنين 28 رجب 1441هـ الموافق 23 مارس 2020م حظر جزئي وكلنا سمعاً وطاعة السبب: فايروس كورونا للحد من أنتشاره وسنتجاوز كل هذا معاً المدة: ٢١يوماً اللهم احفظ خادم الحرمين الشرفين وولي عهد ومملكتنا الحبيبة يارب	no	nan	nan	nan	nan	no	no
51	على ماذا أقسم الشيخ؟  ملاحظة: كلامه قبل أزمة #كورونا ! URL	no	nan	nan	nan	nan	no	no
52	التفتَ الإمام إلى جموع المصلّين ليقول لهم: (استووا، اعتدلوا) فلم يجدهم!. فقالها بصوتٍ خافتٍ باك.. ثُمّ كبّر للصلاة بيدين ترجفان، وعينين تفيضان من الدمع. #المسجد_النبوي_الشريف #الشيخ_أحمد_طالب_حميد #كورونا URL	no	nan	nan	nan	nan	no	no
53	🔴🔴🔴🔴🔴🔴🔴🔴🔴🔴 مقاومة وباء كورونا المستجد مسؤولية مجتمعية مشتركة تبدأ عند المسؤول وتنتهي عند المواطن والمقيم، فلا قيمة لأي إجراء أو فائدة إن لم يقابل بالتطبيق الجدي من قبل الأخوة المواطنين والمقيمين على السواء. 🔴🔴🔴🔴🔴🔴🔴🔴🔴🔴	no	nan	nan	nan	nan	no	no
54	في الأزمات، تظهر حقيقة المجتمعات .. #COVIDー19 #Covid_19 #Corona #coronavirus URL	no	nan	nan	nan	nan	no	no
55	فيروس كورونا هو فيروس صحي .. وفيروس اقتصادي .. وفيروس سياسي أيضا ... ونقول لكافة دول العالم .. هذا وقت التوحد والتعاون والتكاتف لمحاربة أهم عدو للبشرية .. الخلافات جميعها تصغر أمام هذا التحدي الجديد..والعالم يستطيع التغلب بشكل أسرع عليه إذا وقف القوي مع الضعيف والغني مع الفقير . URL	no	nan	nan	nan	nan	no	no
56	لا تشيل هم الطلعة   #خليك_في_البيت 🏡  #بالتقنية_توصل_للبيت 📱  #فيروس_كورونا URL	no	nan	nan	nan	nan	no	no
57	#خادم_الحرمين_الشريفين يصدر أمره بمنع التجول للحد من انتشار #فيروس_كورونا الجديد ابتداءً من الساعة الـ 7 مساءً وحتى الساعة الـ 6 صباحًا لمدة ( 21 ) يومًا من مساء يوم الأثنين 28 رجب 1441هـ، الموافق 23 مارس 2020م. URL #واس_عام URL	yes	no	yes	no	no	no	no
58	وبذلك يصبح العدد الإجمالي لحالات فيروس كورونا الجديد في المملكة (٣٩٢)، تعافت (٨) حالات إضافية، ليكون إجمالي الحالات المتعافية (١٦) حالة بحمد الله،  والحالات المتبقية معزولة صحيًا وتتلقى العناية الطبية اللازمة.	yes	no	yes	no	no	no	no
59	استنادًا إلى أمر خادم الحرمين الشريفين - حفظه الله - القاضي بمنع التجول للحد من انتشار فيروس كورونا الجديد لمدة 21 يوما، تود الوزارة إيضاح الاستثناءات المتعلقة بمنع التجول. URL	yes	no	yes	no	no	no	no
60	التزامنا بالتعليمات طريقنا بتوفيق الله لحماية بلادنا و اهلنا من وباء كورونا  ليس لنا عذر فالكل يعرف دوره و مسئوليته حفظ الله بلادنا و ادام عزها 🇸🇦🇸🇦🇸🇦  #كلنا_مسؤول  #السعودية URL	no	nan	nan	nan	nan	no	no
61	فايروس #كورونا كشف المثاليات الزائفة هذا المقطع يجسد كل معاني العنصرية والتمييز نهديه لتلك المنظمات التي صدعت رؤوسنا بالدفاع عن حقوق الإنسان حالهم الأن 🙈 🙉 🙊 (الحمدلله على نعمة #السعودية) URL	no	nan	nan	nan	nan	no	no
62	رسالة إلى المستهترين بالتعليمات الصحية المتعلقة بفيروس كورونا URL	no	nan	nan	nan	nan	no	no
63	الجيش الايطالي ينقل جثث ضحايا كورونا بدون وداع  URL	yes	no	nan	yes	yes	yes	yes
64	عاجل..  .  وزارة الصحة:  قللوا من التواصل والمخالطة حتى داخل منازلكم .. لا تفقدوا أحبابكم.  .  #كورونا #السعودية #المملكة #الصحة	yes	no	yes	yes	no	no	no
65	اللهم اشفهم وارفع عنهم واشف المصابين في تركيا وفي كل مكان .. لاداعي لأن أقول أن فوق ال70 من 119 هم أتراك تم التعامل معهم كما نتعامل مع السعوديين بكل اهتمام ورعاية.. وفي نفس الوقت من الضروري أن أقول وأعتذر لتخفيف اللفظ.. أنتم وكالة حقيرة وخسيسة	no	nan	nan	nan	nan	no	no
66	فيديو 🔴 .  . بكلمات من قلب صادق ..  شاهد رجل أمن يوجه نصيحة أبوية لمجموعة من الشباب خرجوا في رحلة برية متجاهلين التحذيرات المتكررة. .  . فيروس كورونا  . URL	yes	no	yes	no	no	no	no
67	شفاء 4 حالات من المصابين بفيروس كورونا المستجد، ليصبح عدد المتعافين 43 حالة. حمى الله الجميع من كل شر	yes	no	yes	no	no	no	no
68	كورونا لما يشوف اللي بيحصل في اسكندريه URL	no	nan	nan	nan	nan	no	no
69	مترجم حصريا | هذه هي رسالة الطاقم الطبي اﻹسباني لكل العالم... ابقوا في منازلكم!!  #كورونا #COVID19 URL	yes	no	yes	no	no	no	no
70	بعد قرار #منع_التجول بسبب #كورونا .. السعوديون: “سمعاً وطاعة سيدي". . . كرماً؛ مشاركة الجميع بالمنشن بكلمة #سمعا_وطاعه مع #ريتويت للأهمية ليشارك الجميع. . . . #منع_تجول #حظر_جزيي #هام #السعودية #حظر_التجول_بالسعودية #امر_ملكي #وزارة_الداخلية #الزم_بيتك #حظر_التجوال #حظر_تجول  . URL	no	nan	nan	nan	nan	no	no
71	#كورونا حيعدي ويصير جزء من التاريخ بس أهم شيء علموا أولادكم أن السعودية باعت كل شيء واشترتنا  #حظر_التجول_في_السعودية	no	nan	nan	nan	nan	no	no
72	عاجل 🔴 . .  #خادم_الحرمين_الشريفين يصدر أمره بمنع التجول للحد من انتشار #فيروس_كورونا الجديد ابتداءً من الساعة الـ 7 مساءً وحتى الساعة الـ 6 صباحًا لمدة ( 21 ) يومًا من مساء يوم الأثنين 28 رجب 1441هـ، الموافق 23 مارس 2020م.	yes	no	yes	no	no	no	no
73	#عاجل متحدث الصحة: تسجيل 48 إصابة جديدة بفيروس كورونا وإجمالي الحالات يصل إلى 392 حالة. #واس_عام	yes	no	yes	no	no	no	no
74	طبيب تخدير كندي عبقري ... يدخل تعديلات على جهاز التنفس الصناعي بحيث يجعله يقوم بعمل 9 اجهزة تنفس صناعي ويستوعب 9 مرضى ... بما يضاعف امكانيات المستشفى في استقبال حالات فيروس #كورونا الى 9 اضعاف.    URL	yes	no	yes	no	yes	no	yes
75	عاجل..  .  وزارة الصحة:  تسجيل ١١٩ حالة جديدة بفيروس كورونا.  .  #السعودية #كورونا	yes	no	yes	no	no	no	no
76	قد يصيبك كورونا وأنت لا تعلم.. لذا نقول #خلك_بالبيت واحمِ نفسك من العدوى. #كلنا_مسؤول URL	no	nan	nan	nan	nan	no	no
77	تصويت ..  هل تؤيد فرض حظر التجول للوقاية من انتشار فيروس كورونا  ؟.  نعم : ريتويت  لا : مفضلة	no	nan	nan	nan	nan	no	no
78	مهم : الفرق ما بين الكمامة الطبية الاصلية و غيرها و طريقة لبسها الصحيح   #كورونا URL	yes	no	yes	no	yes	no	no
79	عاجل:  الآن.. انتهاء فترة #منع_التجول في يومه الأول، بالتزام وتعاون كامل من المواطن والمقيم. . #السعودية #كورونا	yes	no	yes	no	no	no	no
80	سمعاً وطاعة نثق بالله ثم بكم.. لتجاوز أزمة #كورونا URL	no	nan	nan	nan	nan	no	no
81	متحدثة التعليم:  اختبارات نهاية العام الدراسي في موعدها في شهر رمضان المبارك.(ياهلا)  #التعليم #الاختبارات #كورونا	yes	no	yes	no	yes	no	no
82	أتابع عن كثب و علي مدار الساعة إجراءات الدولة الإحترازية لمواجهة إنتشار فيروس كورونا ... وكما وعدتكم بالأمس نحن مستمرون في إجراءاتنا بكل دقة في مكافحة هذا الوباء حفاظاً علي صحة و حياة كل مواطن مصري.١/٢	yes	yes	yes	no	yes	yes	no
83	متخيلين كل دي ناس ماتت ، كل دي ناس كان ليها حياتها وناس بتحبها و ذكرياتها و حياتها كانت ماشيه تمام في ثانيه و بسبب استهتارهم ماتوا ، من فضلكوا يجماعه خلوا بالكوا من نفسكوا و خليكوا في بيتكوا اكيد مش هتحبوا تخسروا حياتكم او حد بتحبوه .	yes	no	nan	yes	no	yes	no
84	من داخل أحد فنادق الحجر الصحي في الرياض النجم #عبدالله_عطيف  وكثير من التفاصيل يمررها بمهارته المعهودة  #الحجر_المنزلي  #فيروس_كورونا  #خليك_في_البيت URL	no	nan	nan	nan	nan	no	no
85	#خادم_الحرمين_الشريفين يصدر أمره بمنع التجول للحد من انتشار #فيروس_كورونا الجديد ابتداءً من الساعة الـ 7 مساءً وحتى الساعة الـ 6 صباحًا لمدة ( 21 ) يومًا من مساء يوم الأثنين 28 رجب 1441هـ، الموافق 23 مارس 2020م. URL #واس_عام URL	yes	no	yes	no	no	no	no
86	ألا ليت هذا المقطع القصير يلج إلى كل جهاز، فتسمعه كل أذن، ويعيه كل قلب.. #فيروس_كورونا URL	no	nan	nan	nan	nan	no	no
87	عاجل 🔴  .  . في خبر مُبشر و مُطمئن لسكان العالم ..  النمسا تعلن نجاح تجارب دوائين تخفف عدوى وأعراض فيروس كورونا بنسبة 90% .  .  . النمسا	yes	nan	yes	nan	yes	yes	yes
88	السؤال الثالث من مسابقة #عنايه_Vs_كورونا1 مشاركتك في المسابقة دليل وعيك الثقافي .. فهدفنا تعزيز التوعية الصحية عن وباء كورونا [١٠٠٠ريال] ربمايكون لك منهانصيب💵 URL… اجب عن السؤال المرفق أدناه👇🏻 URL	no	nan	nan	nan	nan	no	no
89	سيذكر التاريخ أقوال القادة خلال أزمة فيروس كورونا ..  فقد بثت كلمات الملك سلمان في نفوس شعبه الثقة والطأنينة .. عندما قال:  “سنبذل الغالي والنفيس للمحافظة على صحة الإنسان وسلامته “.  بينما رئيس وزراء بريطانيا أثار الرعب والخوف في نفوس شعبه ..عندما قال:  “ استعدوا لفراق أحبائكم “. URL	no	nan	nan	nan	nan	no	no
90	سلمت على واحد وبعدين شديت ايدي بسرعة  فيروس كورونا : URL	no	nan	nan	nan	nan	no	no
91	الحيوانات تغزو المدن بعد تطبيق إجراءات حظر التجوال للوقاية من فيروس كورونا حول العالم، صور من ايطاليا و اليابان و جزيرة سردينيا .. URL	yes	yes	nan	yes	yes	yes	yes
92	التقرير اليومي لفيروس #كورونا الجديد محليًا وعالميًا. URL	no	nan	nan	nan	nan	no	no
93	عميلكم المتمرد هو #الوباء_العام في وطني ، انه أخطر على شعبنا من #كورونا  USERID URL	no	nan	nan	nan	nan	no	no
94	في مدينة قونيا في تركيا وضعت المواد الغذائية فى الشارع وبامكان المحتاج ان ياخذ ما يريد دون ان يراه احد او يلاحقه التصوير سنّة حسنة لا تحرج الفقير أو المحتاج و يتخفى وراءها الغنى وتعلى قيمة التكافل فى المجتمعات فهذا وقت التكافل وليس الأنانية #فيروس_كورونا URL	yes	no	yes	no	yes	no	no
95	السؤال الثاني من #مسابقة_عنايه_Vs_كورونا مشاركتك في المسابقة دليل وعيك الثقافي .. فهدفنا تعزيز التوعية الصحية عن وباء كورونا [١٠٠٠ريال] ربمايكون لك منها نصيب💵 URL… اجب عن السؤال المرفق أدناه👇🏻 URL	no	nan	nan	nan	nan	no	no
96	#وزارة_الصحة تُعلن تسجيل 70 حالة إصابة جديدة بـ #فيروس_كورونا المستجد، وتُهيب بالجميع الالتزام بالإرشادات والتوجيهات؛ حفاظا على سلامتهم وسلامة المجتمع. #واس_عام URL	yes	no	yes	no	no	no	no
97	الصين أخفت #كورونا عن العالم لأسابيع، واعتقلت ووبخت الطبيب الذي حذر من الفايروس والآن ترسل خبراءها لنقل تجربة القضاء عليه؟ السمعة التصقت بها أنها مصدر الوباء، لو كاشفت العالم من البداية أفضل من إرسال خبراء لتخفيف عدد الموتى. لا تصلح الصين ما أفسده “كورونا” !	yes	yes	yes	yes	yes	yes	yes
98	#كلنا_بالبيت_لاجل_السعوديه يجب إتباع تعليمات وزارة الصحة ممثلة بحكومتنا الرشيدة فالموضوع أصبح يشكل خطر كبير على مجتمعنا كورونا الجديدة وباء عالمي ولكن بتكاتف أبناء وبنات وطننا الغالي يمكننا بحول الله القضاء عليه فلا تتهاونوا بالموضوع أبدا 🇸🇦	no	nan	nan	nan	nan	no	no
99	كلمة سيدي #خادم_الحرمين_الشريفين تؤكد حرص القيادة -حفظها الله- على تسخير كل ما يحقق رفعة الوطن وسلامة المواطن والمقيم، ونبذل في وزارة التعليم قصارى جهدنا للتكامل مع كل الجهود الوطنية العظيمة للتصدي لفيروس #كورونا من خلال الجامعات وإدارات التعليم. حفظ الله الوطن وقيادته وأدام عزه. URL	yes	no	yes	no	no	no	no
100	أمير قطر يطلب من الولايات المتحدة ودول أخرى تنفيذ وعودها بالضغط على السعودية لإنهاء المقاطعة وإيجاد حل للأزمة نظير احتضان الدوحة لإتفاق المصالحة بين طالبان وأمريكا. - تعليق: دول العالم أجمع مشغولة بكيفية القضاء على كورونا وإعلام الدوحة مشغول بالسعودية! نسأل الله العافية والسلامة	yes	yes	nan	yes	yes	no	no
101	استشعاراً لواجبي الوطني .. أشارككم هذه العبارات التوعوية من أفكاري وتنفيذي .. أسأل الله أن يحمي بلادنا وجميع بلاد المسلمين من كل مكروه وأن يزيل عنّا هذا الوباء إنه على كل شي قدير  #كلنا_مسؤول #فيروس_كورونا URL	no	nan	nan	nan	nan	no	no
102	علي ضوء المتابعة الموقوتة لإجراءات مكافحة إنتشار ڤيروس كورونا .. فقد كلفت الحكومة و الأجهزة التنفيذية المختصة بإتخاذ اللازم نحو تطوير الإجراءات الاحترازية المتبعة علي مستوي الدولة و المواطن من خلال اتخاذ حزمة إجراءات إضافية تسهم في تحقيق أعلي معدلات الأمان ١/٢	no	nan	nan	nan	nan	no	no
103	من يسمون أنفسهم “معارضة سعودية” في لندن مثيرون للشفقة، فشل تحريضهم العقود الماضية وتحالفاتهم الإلكترونية، فاتجهوا للتحالف مع #كورونا بشائعات وأمنيات ضد بلدهم. الأوبئة والفايروسات تتحالف مع بعضها.	no	nan	nan	nan	nan	no	no
104	تواجه قطر وباء كورونا بقوة وحزم وبحشد جهود الجميع لحماية مجتمعنا وبلدنا. جهازنا الصحي يقف في الخط الأمامي من هذه المواجهة وكوادرنا الطبية تؤدي مهمتها النبيلة بشجاعة وتحقق نجاحا لا يكتمل إلا بكم. لنكن عونا لهم بالتزام الإرشادات الوقائية خاصة لزوم المنازل في الفترة الحالية.	no	nan	nan	nan	nan	no	no
105	عراب الانقلاب والغدر والعقوق في قطر  بدء التغريدات ب #كورونا  ثم اقحم 11 سبتمبر ، ثم حول على الدول العربية ، ثم على دول الخليج ثم اختتم بان قطر دولة الصمود وان استمرت المقاطعة 3 سنوات ثم اختتم التغريدة بالتوسل لانهاء المقاطعة ..توظيف رخيص وغبي  الاسم: بن جاسم  الوظيفة: جمال ريان	yes	yes	yes	yes	yes	yes	yes
106	عاجل 🔴 .  .  إيطاليا تبدأ في استخدام علاج لفيروس كورونا .. وأنباء عن ثبوت فاعليته. (العربية) .  . #ايطاليا	yes	yes	yes	no	yes	yes	yes
107	عاجل:  الآن.. بدء تنفيذ قرار إيقاف الطيران الداخلي والأجرة والقطارات والحافلات في #السعودية.   #كورونا #فيروس_كورونا	yes	no	yes	no	no	no	no
108	أول من حذر من مرض خطير واعتقلته السلطات بتهمة نشر شائعات ثم توفي بالفيروس.. #الصين تعتذر لعائلة مكتشف #كورونا وتمنحها تعويضا وتحاكم من اعتقلوه #العربية #أن_تعرف_أكثر URL	yes	yes	nan	no	yes	no	no
109	وعلى سبيل البشائر ..   إيطاليا تبدأ في استخدام علاج لفيروس كورونا .. وأنباء عن ثبوت فاعليته. (العربية)	yes	no	yes	no	no	no	no
110	استاذ الطب الرئوي في #تركيا يصرح بأن الأعداد المعلنة عن #كورونا غير صحيحة والعدد المتوقع الوصول له 145 ألف ، كل هذه الأخبار بدل أن يناقشها اعلام #اردوغان يهرب منها بتكثيف الهجوم على #السعودية !! خبر يستحق القراءة والاستماع والتأمل لتعرف كيف تدار الدول الفاشلة !!	yes	no	nan	yes	yes	no	yes
111	تاريخ الخبر واضح، أول يوم من سنة 2020... الشرطة الصينية في وهان تعتقل 8 أشخاص بتهمة ترويج شائعات عن وجود وباء ينتشر. جريمة #الصين بحق العالم لا تغتفر . #فيروس_كورونا #COVIDIOTS	yes	no	yes	no	no	no	no
112	سند وذخر 🇶🇦 14953 متطوع حتى الآن من هل #قطر والمقيمين يضربون أروع الأمثلة في الوقوف مع الدولة لمكافحة فيروس #كورونا ✌️	yes	no	yes	no	no	no	no
113	كلمة سيدي الرئيس عيدروس الزبيدي والموجهة للشعب الجنوبي بخصوص فيروس كورونا . والعمل جاري لتنفيذ كل ما جاء في هذا الخطاب مع ما تقدم من إجراءات بتوجيهاته السابقة منذ بداية الأزمة وبمتابعة شخصية من الرئيس حفظه الله ورعاه .	yes	no	yes	no	no	no	no
114	لماذا تنتشر العنصرية والشائعات والنكتة في أزمة #كورونا؟ محمد الحاجي USERID باحث دكتوراه العلوم السلوكية والاجتماعية للصحة العامة. يفسّر لنا علميًّا ما قامت به المجتمعات والحكومات العربية والغربية، في ظل أزمة كورونا. الآن، على قناة #ثمانية: URL URL	no	nan	nan	nan	nan	no	no
115	هذا اجنبي عبر برنامج التيك توك  يصور مقاطع في وسط محافظة جدة حي بني مالك لنشر الشائعات عن كورونا محاولا بث الرعب والهلع في المجتمع   هذه المقاطع وهذه الشائعات ليست عفوية بل مقصودة لغاية وقد تستغل لغايات اخرى   USERID  USERID  USERID URL	yes	nan	no	no	no	no	no
116	#عاجل   #إيطاليا تبدأ باستخدام علاج فايروس #كورونا، وأنباء عن ثبوت فاعليته. (العربية)	yes	no	yes	no	no	no	no
117	فايرس كورونا المستجد COVID2019  من واجبات كل مواطن ومقيم أتباع التوجيهات الصادرة عن الجهات المختصة  اجلس في بيتك اغسل يدك  امتنع عن الترويج للاشاعات أتبع أرشادات الوقاية  حفظ الله الجميع من كل شر،،،   #شبكة_الساحل_العماني #كورونا_الجديد #كوفيد_19 #COVID2019 #عمان_تواجه_كورونا URL	no	nan	nan	nan	nan	no	no
118	لنتفق سويآ  لن نخرج من البيت حتى يزول المرض  حال هذي العجوز الأسبانيه يكسر الخاص كأن حكومتهم اختارت لهم الموت مصيرآ    #تم_تامرون_امر #انا_مع_حظر_التجول_الاجباري #أبو_طلال_الحمراني #الفراج_يستهزي_بالحجر_الصحي #وينك_فيه #COVID19 #نطالب_بحظر_تجول_في_قطر #اقعد_في_بيتك URL	no	nan	nan	nan	nan	no	no
119	تغريدة تحاول #الدوحة من خلالها تبرير خيانتها للبنان بنقلها مرض #كورونا لبنان تصدر الاغنام!! بالتأكيد الدوحة لاتسعى لرأي لبنان العام فهي لم تضع له وزن لأن من ينقل الموت لهم لن يهتم لما دونه ولكنها تحاول التبرير لبعض من في #قطر رهانها في ذلك قلة مداركهم.  #قطر_تنقل_كورونا_الى_لبنان URL	yes	yes	yes	yes	yes	yes	yes
120	المنطقة الصناعية القديمة في #قطر تقود الدولة إلى كارثة حقيقية بسبب تهرب ورفض العمال لإجراءات العزل، تحتل قطر أعلى عدد إصابات بوباء #كورونا من بين دول الخليج، ولازال يصر مسؤولي الحكومة على توجيه الإعلام لمهاجمة دول المقاطعة هربًا إلى الأمام بدلًا من حفظ وحشد الجهود لمواجهة الكارثة	yes	yes	yes	yes	yes	yes	yes
121	#فيديو | غضب شعبي في #قطر لتباطؤ الحكومة ضد “#كورونا” وزيرة الصحة د.حنان الكواري تبلغ القيادة القطرية بأن وضع الوباء خرج عن السيطرة في #قطر ، عدد الحالات التي تصل الى المستشفيات يومياً في قطر مايقارب100 حالة كورونا ، وتطالب بتدخل القيادة العليا . #قطر_هي_كورونا  #قطر URL	yes	yes	yes	yes	yes	yes	yes
122	وصلت وفيات كورونا بايران لـ١٤٧٠ وايطاليا تجاوزت الصين بـ ٣٩٤٩وفاة  والإصابات بدويلة قطر ٥٠٢حالة والسعوديين يحجرون على مواطنيهم بمنتجعات جزر المالديف وفنادق الساحة الحمراء بموسكو والكويتيون يستعينوا بعلى بن ابي طالب لطرد الفايرس والعراقيون يستقبلون مرضى إيران #عبدالكريم_المهنا URL	yes	no	yes	no	yes	no	no
123	5 الآف متطوع لوزارة الصحة بعد فتحها باب التطوع لحد الان .. هذي عوايدها قطر 🇶🇦 بتكاتفنا نقهر #فيروس_كورونا  USERID	yes	no	yes	no	no	no	no
124	طائرة الشحن القطرية المغادرة من طهران إلي بيروت الخطوط القطرية حاولت أن تنفي في محاولة خداع المتابعين لها  والحقيقة  أن الطائرة هي طائرة شحن محملة ببعض الركاب المصابين بوباء #كورونا للتغطية على الحمولة الأكبر وهي السلاح المتوجه لحزب الشيطان اللبناني  علما بأن مطار بيروت مغلق URL	yes	yes	yes	yes	yes	yes	yes
125	رغم تحذير منظمة الصحة العالمية وإغلاق المطارات والحدود مع #ايران إلا أن طائرة لنظام #قطر( QTR8320) غادرت طهران وعلى متنها عدد من قيادات الحرس الثوري..قبل ساعات وحطت في مطار بيروت الدولي وكان في الاستقبال قيادات حزب الله لبنان..نقلوا الشحن!واسعافهم نقل مصابين ب #كورونا؟ #امجد_طه URL	yes	yes	yes	yes	yes	yes	yes
126	عاجل نقلا عن وكالة الأنباء القطرية :  أمير دولة قطر سمو الشيخ تميم بن حمد آل ثاني يوجه بدعم غزة المحاصرة ب ١٥٠ مليون دولار على مدار ستة أشهر لمواجهة تفشي #كورونا ودعم أهلها في ظل الظروف الصعبة التي تعانيها	yes	no	yes	no	no	no	no
127	ولدي نايف قطع رحلة علاجه في بريطانيا ورجع إلى الدوحة إلى الحجر في إحدى الفنادق ثم طرأت بعض الأعراض التي استدعت القائمين على الصحة أخذه للمستشفى للتأكد من سلامته من وباء #كورونا وفي انتظار النتائج أشكر دولتنا الحبيبة #قطر على رعايتهم اللامحدوده لولدي  وهذه رسالة منه لكم دعواتكم🤲🏻 URL	yes	no	yes	no	yes	no	no
128	إذا قلنا لكم إنهم في #قطر بلا دين و لا ذمّه و لا ضمير ما نكون نبالغ .. العالم كله مستنفر بسبب وباء #كورونا و الموبوئين في عقولهم من أول #تميم_بن_حمد إلى آخر جزمه في #قناة_الجزيرة شغالين تقارير وهمية عن #السعودية .. إذا ما تخافون الله فينا خافوا الله في شعبكم اللي بينقرض بسببكم .	no	nan	nan	nan	nan	yes	yes
129	إنفاذا للإجراءات الاحترازية المعمول بها في البلاد منعا لانتشار فيروس كورونا (كوفيد-19)، الجهات المختصة تضبط 10 أشخاص خالفوا اشتراطات العزل الصحي المنزلي وفقا لتعهد التزموا من خلاله بتطبيق تلك الاشتراطات المحددة، حيث أفادت وزارة الصحة العامة بأنه جار إحالتهم للنيابة المختصة. #قنا	yes	no	yes	no	no	no	no
130	شوارع #قطر .. تنظيف وتعقيم .. جهود لا تتوقف ليل نهار لمكافحة #كورونا .. فكونوا معهم داعمين للوقوف معاً لمنع تفشي هذا الفايروس .. #لأجل_قطر_كلنا_في_البيت #سلامتك_هي_سلامتي #الزم_بيتك URL	yes	no	yes	no	no	no	no
131	تحديث.. ٢٠ مارس ٢٠٢٠  الساعة:  ١١ م بتوقيت مكة المكرمة  عدد حالات الشفاء من #كورونا المستجد بدول الخليج: 🇧🇭البحرين: ١١٢ من ٢٩٢ إصابة 🇦🇪الإمارات: ٣١ من ١٤٠ إصابة 🇴🇲عُمان: ١٣ من ٤٨ إصابة 🇰🇼الكويت: ٢٢ من ١٥٩ إصابة 🇸🇦السعودية: ٨ من ٣٤٤ إصابة 🇶🇦قطر: ١٠ من ٤٧٠ إصابة	yes	no	yes	no	no	no	no
132	الموضوع ليس سياسي..فما يحصل في قطر خطير وخطير جداً..انتشار فايروس #كورونا في الدوحة بشكل مخيف ومرعب جداً..ع نظام الأمير تميم طلب المساعدة من منظمة الصحة العالمية والدول ووقف المواصلات مع إيران  لقبائلنا والمقيمين بقطر #تكفون_اقعدوا_في_بيوتكم فنحن في #اعلان_حرب_ضد_كورونا. #امجد_طه	yes	yes	yes	yes	yes	yes	yes
133	تحديث.. ٢١ مارس ٢٠٢٠  الساعة:  ١١ م بتوقيت مكة المكرمة  عدد حالات الشفاء من #كورونا المستجد بدول الخليج: 🇧🇭البحرين: ١٢٥ من ٣١٠ إصابة 🇦🇪الإمارات: ٣٨ من ١٥٣ إصابة 🇴🇲عُمان: ١٣ من ٥٢ إصابة 🇰🇼الكويت: ٢٧ من ١٧٦ إصابة 🇸🇦السعودية: ١٦ من ٣٩٢ إصابة 🇶🇦قطر: ٢٧ من ٤٨١ إصابة	yes	no	yes	no	no	no	no
134	فيديو 🎥| جانب من جهود #أشغال في تنظيف وتعقيم الشوارع وذلك في إطار مواجهة انتشار فيروس #كورونا  #مرسال_قطر URL	yes	no	yes	no	no	no	no
135	احدى طائرات الشحن القطرية القادمة من إيران تحمل على متنها مرضى بفيروس كورونا بغطاء تبرعات طبية مكدسين فوق بعضهم تهبط بمطار بيروت بالقوة تحت حماية حزب الله .. URL	yes	yes	yes	yes	yes	yes	yes
136	إصابة عمالة آسيوية وأفريقية في قطر بـ #كورونا منذ أسابيع ونقلوا العدوى لآخرين #العربية_عاجل URL	yes	yes	yes	yes	yes	yes	yes
137	كانوا يحاربون الشركات الوطنية لهدفين  ١) إضعاف اقتصاد البلد، لصالح اقتصاد قطر وتركيا.  ٢) ابتزاز اصحاب الشركات للتبرع للمؤسسات الخيرية التي يديرونها، وتعيين كوادرهم قيادات في هذه الشركة، والا تستمر الحملات.  ٣) اضعاف شركات معينة لصالح شركات غيرها اصحابها يدعمونهم ب(أوقاف) ضخمة.	yes	yes	yes	yes	no	yes	yes
138	أعلنت دولة #قطر_اليوم ان #الخطوط_الجوية_القطرية سوف تنقل المساعدات من كل دول العالم إلى #ايران دون مقابل وفي اطار الدعم الذي تقدمه قطر لمساعدة الجهود الايرانية لمكافحة كورونا ولمواجهة المقاطعة التي تفرضها الولايات المتحدة على ايران . ايران قالت ان شعبها لن ينسى من يقف معها .	yes	no	yes	yes	yes	yes	no
139	لتقديم البلاغات والشكاوي الخاصة بالحجر الصحي (الفنادق - المنازل) ، والإبلاغ عن حالات عدم  الالتزام بالإرشادات الصحية والأمنية للوقاية من #فيروس_كورونا  (كوفيد-19)  يمكنكم الاتصال على الخط الساخن 44579999 .. سلامتكم تهمنا #سلامتك_هي_سلامتي  #الداخلية_قطر URL	no	nan	nan	nan	nan	no	no
140	عاجل مسؤولين في منظمة الصحة العالمية ارسلوا تحذير لنظام قطر بعد ان رفضت وزارة الصحة بالدوحة تجهيز مستشفى للعمالة المصابة(آسيوية وأفريقية)ب #كورونا وأمر USERID الأمر اعلامياً(غداً)ووصل عدد المصابين لأكثر من862 #حظر_تجول_اجباري_ينقذنا #تكفون_اقعدوا_في_بيوتكم #امجد_طه	yes	yes	yes	yes	yes	yes	yes
141	يمر العالم بظروفٍ صعبةٍ تتطلب تكاتف الأفراد والمجتمعات والحكومات لمواجهة خطر انتشار فيروس كورونا المستجد، نأمل من الجميع الالتزام بحزمة التعليمات والإجراءات الصادرة من الدولة للحد من انتشار الفيروس و التغلب عليه.   نسأل الله العظيم أن يحفظنا جميعاً.	no	nan	nan	nan	nan	no	no
142	تعلن وزارة الصحة العامة عن فتح باب التطوع لدعم جهود دولة قطر في إطار الإجراءات الوقائية والاحترازية للحد من انتشار #فيروس_كورونا (كوفيد-19)  #سلامتك_هي_سلامتي  URL	yes	no	yes	no	no	no	no
143	سمو أمير البلاد المفدى يوجه بتقديم 150 مليون دولار على مدى 6 أشهر دعما لقطاع غزة، وذلك استكمالا لجهود دولة قطر في التخفيف من معاناة الشعب الفلسطيني الشقيق، ودعما  لبرامج الأمم المتحدة الإغاثية والإنسانية في قطاع غزة، ولمكافحة تفشي فيروس كورونا المستجد (كوفيد-19). #قنا URL	yes	no	yes	no	no	no	no
144	USERID #قطر تم عزلها منذ ثلاث سنوات من قبل جيرانها لانها مصابة بفايروس التآمر .. وهي لم تُشفى منه حتى يتم إعادة دمجها بمحيطها. قد تُشفى من #كورونا لكن من المستبعد ان تُشفى من فايرس التآمر المتفشي في قيادتها.	no	nan	nan	nan	nan	no	no
145	اتّحد مذيعو الجزيرة جميعاً مع الإخوان المسلمين مع بقايا الصحوة البائدة مع مدّعي الوحدة اليمنية الفاشلة ليعترفوا جميعا: “إنّ قطر أصغر بكثير من أن تقوم بتصنيع ونشر الفيروس”، فقلت لهم: “كذلك فإنّ فيروس كورونا صغير جداً، ومع ذلك يعيث في الأرض الخراب”.  URL	no	nan	nan	nan	nan	no	no
146	ماذا بعد #كورونا يا أهل قطر ؟😉	no	nan	nan	nan	nan	no	no
147	الجهات المختصة تبذل كل جهودها لمكافحة انتشار فيروس #كورونا.. التزم بدورك و #لأجل_قطر_خلك_فالبيت URL	no	nan	nan	nan	nan	no	no
148	ليش تستغربون وتضجون لمن #قطر اعلنت استعداداتها لنقل المساعدات الطبية ل #ايران لمواجهة #كورونا ؟!  #الامارات و #السعودية  قدمت اجهزة ومعدات طبية لإسرائيل وماحد تكلم مو بس كذا قدمتا اكثر من 10 مليار دولار لدعم المستشفيات الإسرائيلية   #فيروس_كورونا	yes	yes	yes	yes	yes	yes	yes
149	بيان #مديرية_الطيران_المدني عن رحلة الخطوط القطرية #طهران #بيروت بقول كانت حاملة “جثمان من كندا وبريد سياسي” بينما البيان القطري الرسمي بقول “خالية من أي بضائع أو ركاب” مطلوب من المسؤولين عنا توضيح... مش ناقصنا فضايح وتناقض ممكن يزيد عدم الثقة بزمن #كورونا	yes	yes	yes	nan	yes	yes	yes
150	هل تحولت قطر من ناقل للمليشيات والأسلحة والأموال للارهابيين إلى ناقل للأوبئة؟  عدة صحف تتحدث ان الطائرة القطرية ليست للشحن كما تدعي قطر  وليست لنقل الاسلحة والمليشيات كما توقعنا وتعودنا  بل تطور الامر واصبحت تنقل المرضى الذين عجزت مستشفيات ايران عن استيعابهم الى لبنان.   #كورونا URL	yes	yes	yes	yes	yes	yes	yes
151	يعد التباعد الاجتماعي خطوة هامة للحد من انتشار فيروس كورونا (كوفيد-19). يرجى اتباع النصائح والتدابير الوقائية التي اوصت بها وزارة الصحة العامة للحفاظ على سلامة المجتمع ودعم الجهود والإجراءات الاحترازية التي تقوم بها دولة #قطر.  #سلامتك_هي_سلامتي URL	no	nan	nan	nan	nan	no	no
152	جميع وكالات الأنباء والقنوات مشغولة في توعية الناس من الوباء إلا مرتزقة الجزيرة مشغولين بالشيخ محمد بن زايد وماذا قال وأين ذهب الأمير محمد بن سلمان وبماذا صرح الرئيس السيسي!  عقدة نقص قطر وتنظيم الكلبين ستبقى أخطر من كورونا ولهذا قالوا لا تصارع خنزيرا بالوحل فتتسخ انت ويستمتع هو.	no	nan	nan	nan	nan	no	no
153	وزارة الصحة العامة تقول إن الحالات الـ17 التي تماثلت للشفاء من فيروس كورونا (كوفيد-19) ، بينهم 4 مواطنين قطريين، ليصل إجمالي حالات الشفاء من الوباء إلى 27 حالة في دولة قطر.  #قنا	yes	no	yes	no	no	no	no
154	لا يوجد قطري واحد يصدق بأن طائرة الشحن القطرية طارت من طهران إلى حزباله في لبنان طلعت فاضية ،، ،، ماحد تكلم عن الخرفان اللي شلتوها من بيروت للدوحة علشان تغطون على خط سير طهران بيروت ،، امريكا سامحة لكم اوك بس لا تستغفلون الشعب اللبناني بشحن كورونا لهم ولا تستغفلون الشعب القطري	yes	yes	yes	yes	yes	yes	yes
155	وزائرتي كأن بها حياء فليس تزور إلا في الظلام فرشت لها المطارف والحشايا فعافتها وباتت في عظامي يضيق الجلد عن نفسي وعنها فتوسعه بأنواع السقام اذا ما فارقتني غسلتني كأنا عاكفان على حرام #المتنبي #الحمى #وباء #كورونا #الكويت #السعودية #قطر #الامارات #البحرين #عمان URL	no	nan	nan	nan	nan	no	no
156	رئيس مجلس الوزراء ووزير الداخلية يصدر قرارا بفرض إجراءات احترازية لمنع كافة أشكال التجمع، بسلطة القانون، على سبيل المثال لا الحصر (الكورنيش، والحدائق والشواطئ العامة، والتجمعات الاجتماعية)، وذلك استمراراً للجهود التي تبذلها الدولة للتصدي لفيروس كورونا والحد من انتشاره . #قنا URL	yes	no	yes	no	no	no	no
157	شوارع #قطر خالية ، حظر مجتمعي دون صدور قانون الحظر حتى الآن .. خالية ومنازلها عامرة بالحب والوفاء والولاء والمسؤولية .. المجتمع كله هو حائط الصد العظيم تجاه المحن والأزمات 🇶🇦🇶🇦🇶🇦💪🏻💪🏻💪🏻👏🏼👏🏼👏🏼👏🏼👏🏼 #كورونا URL	no	nan	nan	nan	nan	no	no
158	وكالة أنباء تركيا الرسمية “ الأناضول “   تعيد تكرار نفس الخبر ! العالم مشغول بوباء #كورونا . وهم والقطريين مشغولين بفوبيا محمد بن سلمان !  يكررون اعادة نشر الخبر في كل الاوقات وهذا يدل على جنونهم وتأزمهم من صورته واسمه.  وش انت مسوي بهم 🇸🇦 😂 ؟ URL	yes	yes	nan	yes	no	yes	no
159	عقب قرار منع كافة أشكال التجمع بسلطة القانون للحد من انتشار فيروس كورونا (كوفيد-19)، نشدد على ضرورة تحمل المسؤولية والالتزام بكافة القرارات والإجراءات الاحترازية لضمان سلامة الجميع في دولة #قطر. #سلامتك_هي_سلامتي URL	no	nan	nan	nan	nan	no	no
160	يعتقد الخبراء الصينيون أن #كورونا قد يتسبب في تلف الخصيتين وعقم الذكور ، ويوصي الرجال المصابين بإجراء اختبارات لجودة السائل المنوي ومستويات الهرمون،، **إن صدق اعتقادهم فالفايروس انتاج مختبرات 100%للسيطرة على الانفجار السكاني،وإلا ماعلاقة مرض تنفسي يؤثر على الخصوبة!! URL	yes	yes	yes	yes	yes	yes	yes
161	ما هو أفضل علاج لفيروس كورونا كوفيد-١٩؟ URL	no	nan	nan	nan	nan	no	no
162	مصادر مطلعة تتحدث عن طائرة #قطرية شحن أتت من #ايران الى #لبنان وهبطت في مطار رفيق الحريري الدولي(رغم إقفال المطار )وعلى متنها لبنانيين وإيرانيين مصابين بفيروس #كورونا وقد دخلوا لبنان بطريقة احتيالية لهذا السبب ارتفعت  الإصابات ب #فيروس_كورونا في #لبنان. URL	yes	yes	yes	yes	yes	yes	yes
163	تواجه قناتي: (يوسف علاونة مباشر) حملة شعواء من بهايم حلف اللطم وتضمن هذا دفع رشاوى لتعطيل الاشتراكات القديمة  برجاء تجديد الاشتراك وتفعيل الجرس  ونشر هذه التغريدة #كورونا #اوامر_ملكية #Covid_19 #قطر #ترك #مجوس #اخوان #احذية #روافض #خوارج #يوسف_علاونة  URL	no	nan	nan	nan	nan	no	no
164	فيديو 🎥| هيئة الأشغال العامة “#أشغال” تقوم بتنظيف وتعقيم الشوارع في إطار مكافحة انتشار فيروس #كورونا  USERID  #نديب_قطر URL	yes	no	yes	no	no	no	no
165	راجعنا بعد ما ينتهي كورونا نشوف موضوع مشكلتك الصغيرة جداً.  #كورونا #كورونا_السعوديه #قطر URL	no	nan	nan	nan	nan	no	no
166	كم انت عظيم ايها الشعب اليمني تحارب انقلاب مدعوم ايرانيا وقطريا وتطوق القاعدة وداعش وتسمو فوق خزعبلات المثبطين وتجار الازمات وتراقب الخونة الذين باعوا أنفسهم للشيطان وتستعد مع العالم لمواجهة #كورونا الذي قد يدخل مع الخبراء الإيرانيين او السماسرة القطريين القادمين الى صنعاء...	yes	yes	no	yes	no	yes	yes
167	أمير #قطر الشيخ تميم بن حمد آل ثاني يدعم #غزة ب 150 مليون دولار استكمالا لمشاريع الإغاثة والإعاشة، ودعما للقطاع الصحي في مواجهة وباء #كورونا .... (صنائع المعروف تقي مصارع السوء) وبإذن الله “دَفْعِة بَلا” URL	yes	no	yes	no	no	no	no
168	منظمة العفو الدولية: إصابة عمال بناء في #قطر بفيروس #كورونا بعد رفض السلطات علاجهم ووضعهم بمستشفيات غير مؤهلة URL	yes	yes	yes	yes	yes	yes	yes
169	إصابة عاملين بمشروعات كأس العالم في قطر بـ #كورونا #العربية_عاجل URL	yes	yes	yes	yes	yes	yes	yes
170	أعاد مغردون تداول صورا، لعمال آسيويين مكدسين في منطقة فارغة مكتظة بالقاذروات، وهم يرتدون كمامات، مستنكرين ما قالوا إنها ”انتهاكات ضد الإنسانية، وأبشع أنواع الإهانات يتلقاها الآسيويون في #الدوحة“ URL #إرم_نيوز #قطر #فيروس_كورونا URL	yes	yes	yes	yes	yes	yes	yes
171	”#كورونا“ يسقط #قطر من جديد في فخ ”إهانة“ العمالة الأجنبية (صور)  #إرم_نيوز #الدوحة #نطالب_بحظر_تجول_في_قطر   URL	yes	yes	yes	yes	yes	yes	yes
172	#عاجل برئاسة #خادم_الحرمين_الشريفين .. عقد القمة الاستثنائية الافتراضية لـ #مجموعة_العشرين حول #فيروس_كورونا المستجد (كوفيد 19) الخميس المقبل. URL #واس URL	yes	no	no	no	no	no	yes
173	بأمر خادم الحرمين الشريفين  منع التجول للحد  من انتشار #فيروس_كورونا  من الساعة 7م حتى الساعة 6ص  لمدة 21 يوم URL	yes	no	yes	no	no	no	no
174	تغريدة من ذهب ،، يعني تعتبر هذا النوع من الأخبار هي حرب ؟ يعني قناة الجزيرة خلال ٢٠ سنة جالسة تحارب العرب ؟ للأسف يا ياسر يابو حثالة مازلت ذليل عند حكام قالوا “ الأردن بلا كرامة “ ولكن المرتزق مثلك مايهمه وطنه قدر مايهمه جيبه	no	nan	nan	nan	nan	no	no
175	بالأمس انطلقت ابواق #الإخوان في محاولة لاخفاء الأخبار المتواترة عن انهيار منظومة #تركيا الصحية وتحولها إلى بؤرة ساخنة لمرض #كورونا ولم تمض أكثر من ١٢ ساعة حتى  يأتينا خبر تحرك #الصين لإنقاذها !! أين الجهاز الذي يكتشف في ثلاث ثواني؟؟ أين تصدير #اردوغان ل 500 ألف جهاز إلى أمريكا؟؟	no	nan	nan	nan	nan	yes	yes
176	كمصري أعيش في #السعودية منذ ثلاث عقود اقولها بكل صراحة بأن تعامل حكومة #السعودية بقيادة #خادم_الحرمين_الشريفين و #ولي_العهد مع أزمة #كورونا_الجديد اكثر من رائع  وسيذكر التاريخ انها تعاملت مع الأزمه باقصى سرعة وأحترافية وأمانه وصراحة ، حفظ الله #السعودية_العظمى #كورونا_السعوديه	no	nan	nan	nan	nan	no	no
177	قبل 8 أيام روجت #تركيا لخلوها من #كورونا ووصفت الاحترازات السعودية بالرعب، اليوم أعلنت عن وفاة 21 مواطن وتجاوز عدد الإصابات 900 حالة، وهي الدولة الوحيدة التي فاق فيها عدد الإصابات 500 حالة بلا أي حالات شفاء، يؤسفني القول، 10 أيام وستذهب إلى كارثة إنسانية لتلحق بإيطاليا وإيران.	yes	no	yes	yes	yes	yes	yes
178	ثلاثة أمور اتوقع نحصل عليها زبادة الانتاج ولو مليون برميل اضافي فوق إنتاجنا السابق وطائرات اف ٣٥ وتخصيب اليورانيوم على ارضنابالاضافة بتحقيق مكاسب بملفات سياسية متعددة من حرب الحوثي وملف قطروايران  مقابل ان نخفض إنتاجنا واتت كورونا وزادت موقفناقوة فهو ضاغط اقتصادي ومشغل الغرب الان	no	nan	nan	nan	nan	no	no
179	إذا كنت تعتقد أن مناعتك قوية ولا تخشى من الإصابة بفيروس #كورونا، تذكر والديك وأهلك وأحبابك وأبناء وطنك الغالي أن تكون سبباً في نقل العدوى لهم لا سمح الله.  #كلنا_مسؤول #خلك_بالبيت	no	nan	nan	nan	nan	no	no
180	في الوقت الذي تتوحد فيه الجهود العالمية لمواجهة فايروس #كورونا الذي يهدد العالم تخرج علينا هذه القناةبتحقيق مليء بالكذب والإفتراءات وتصورات خيالية ما هذا الحقد الأسودالموجود في قلوبهم أسأل الله لكم الشفاء وأن تجدوا علاج لهذا الحقد الذي أصبح كالوباء يجتاح كل العاملين بهذه القناة	no	nan	nan	nan	nan	yes	yes
181	إذا كان سؤالكم عن سبب الارتفاع فهو بسبب وجود أكثر من ٧٠ مصاب حاملين للجنسية التركية وهم الأن تحت رعاية وزارة الصحة يعاملون معاملة أبناء الوطن التركيز على #السعودية يعكس مدى الخبث والحقد الذي بداخلكم الذي يظهر جلياً بهذه التغريدة التى تمثل حالتكم التي لا علاج لها	yes	yes	yes	yes	yes	yes	yes
182	#كورونا راحت تقابل #كورونا 😊ً URL	no	nan	nan	nan	nan	no	no
183	الأخ #فيصل_القاسم هل لازلت ترغب في الذهاب إلى بريطانيا 😊 #كورونا  USERID URL	no	nan	nan	nan	nan	yes	yes
184	هل تعلم بأن 33٪ من المصابين بـ #كورونا_الجديد في السعودية بسبب التقارب الاجتماعي  لسلامتك ولصحة المجتمع ابقى في منزلك URL	yes	no	yes	no	no	no	no
185	الصين الدولة الوحيدة التي إنحسر فيها #كورونا بسبب الاجرائات الصارمة أرسلت فريق طبي كبير لمساعدة ايطاليا. في المؤتمر الصحفي بميلانو تحدث الصينيين عن عدة نقاط لازالت تقتل الايطاليين وأهمها التهاون بتطبيق الحجر المنزلي. السعيد من اتعظ بغيره ..  URL	yes	no	yes	no	no	no	no
186	سؤال للجميع   من كان يهاجم شركات المرأعي والشركات السعودية الأخر   👇🏻  المقطع اليوم في عز أزمة كورونا   من كان المستفيد من هذا الهجوم على الشركات السعودية العملاقه ولمصلحة من 😎🤔  #عز_يابلاد 🇸🇦 URL	no	nan	nan	nan	nan	yes	yes
187	قوات الكيان التركي تقوم بالاعتداء على نساء وأطفال السودان في مطار اسطنبول  ●وأوامر الإعلام قطر بالامتناع من الحديث في الأمر.  ■هذا وقد وصل عدد المصابين في فايروس #كورونا في تركيا الالآف ولهذا قامت الهند بمنع السفر أو استقبال أي طائرة من تركيا. #ضرب_سودانيين_بمطار_تركيا #امجد_طه URL	yes	yes	yes	yes	yes	yes	yes
188	وزير الاتصالات يقول لكم: 16 خدمة بريدية في خدمتكم… 12 تطبيق توصيل يساعدكم… لن ينقصكم شيء مع هذه الخدمات والتطبيقات… أبقى آمناً في منزلك… والتطبيقات تخدمك👌 #امر_ملكي	yes	no	yes	no	no	no	no
189	رجل أمن يوجه نصيحة لشبان خرجوا في رحلة برية متجاهلين التحذيرات المتكررة. #كورونا URL	yes	no	yes	no	no	no	no
190	خلافاً لطلبك الذي ينم عن عقل صغير تريد اجتماع على طاولة وقت #كورونا إلا أني أسألك سؤال منذ انقلاب حمد على والده وكل عام يجلس قادة الخليج معكم هل منعكم ذلك من الغدر أو من الخيانة؟! من يجلس معكم كمن يجلس مع الثعابين ويطلب السلامة!!	no	nan	nan	nan	nan	yes	yes
191	بعد أقل من 10 أيام من هذه التغريدة..ألقى #اردوغان خطاب “صوتي” وهو مختبئ وناشد شعبه البقاء في منازلهم وتم الإعلان عن 21 وفاة بسبب #كورونا ..هذا جزاء شماتتهم URL	yes	yes	nan	yes	no	yes	yes
192	احصائيات كورونا العالمية التي كنا نشاهدها خلال شهر اصبحنا نشاهدها خلال اسبوع وهذا مايفسر بان القادم اصعب عالمياً .. من يدري لعل الله اراد ايقاف شر اعظم منه .. كل ماعلينا الان هو التكاتف لتطبيق تعاليم الدولة حرفياً فهي من اجل حياتنا ، فخطاب الملك “حفظه الله” يوم امس واضح وصريح ،،،	no	nan	nan	nan	nan	no	no
193	أشكر إخواني الخطباء والأئمة والمؤذنين بمملكتنا الغالية على تطبيقهم كافة الإجراءات الاحترازيةالتي نفذتها الوزارة مواكبة لجهود القيادة الرشيدة في التصدي لفايروس #كورونا مستشعرين بذلك الواجب الشرعي تجاه دينهم ووطنهم وقيادتهم وعظم المسئولية في الحفاظ على صحة المواطنين والمقيمين .	no	nan	nan	nan	nan	no	no
194	#خادم_الحرمين_الشريفين : وإذ نشكر كل الجهات على جهودها، ونخص العاملين في المجال الصحي، أولئك الذي يقدمون جهوداً جليلةً للمحافظة على صحة المواطن والمقيم، باذلين نفوسهم في مواجهة هذه المرحلة الدقيقة. #كورونا #كلنا_مسؤولون #النيابة_العامة URL	no	nan	nan	nan	nan	no	no
195	سمو #ولي_العهد يتلقى اتصالين من المستشارة الألمانية ورئيس كوريا الجنوبية للحديث حول مكافحة انتشار وباء كورونا المستجد، وذلك استكمالا لاتصالات سابقة مع رؤساء عدد من الدول. URL	yes	no	no	no	no	no	no
196	وزارة التجارة #السعودية تقطع الطريق على عمالة وافدة كانت تنوي بيع 140 ألف كمامة طبية بأسعار مرتفعة في السوق السوداء استغلالا لأزمة #كورونا URL	yes	no	yes	no	yes	yes	yes
197	عاجل 🔴  .  .  وزير الصحة :   بدأنا باستخدام علاج الملاريا لعلاج بعض المصابين بفيروس كورونا في المملكة . .  . #السعوديه	yes	no	yes	no	no	no	no
198	المتحدث بإسم وزارة الصحة:  * تسجيل ١١٩ إصابة جديدة بفيروس كورونا اليوم وإجمالي الحالات يصل إلى ٥١١ حالة.   * ٧ قادمين من الخارج * ٧٢ من الجنسية التركية  * ٤٠ بسبب المخالطة * تم إجراء ٢٣٠٠٠ الف فحص مخبري * حالات التعافي ١٧ حالة	yes	no	yes	no	no	no	no
